Species,Commodity,Conversion
Buffalo,Meat,6.98279995537532
Cattle,Meat,6.562644620731447
Chickens,Meat,7.017543859649124
Goats,Meat,7.440476190476191
Pigs,Meat,7.616146230007618
Sheep,Meat,7.096728408203818
Buffalo,Milk,29.742083061206944
Cattle,Milk,29.742083061206944
Goats,Milk,26.94515489463657
Sheep,Milk,16.768760064133726
Chickens,Eggs,8.064516129032256
